gene,uni_marker_gene,cv_values
b0238,b1813,0.0398464631008616
b3292,b2184,0.0372385995216239
b3980,b3339,0.036843390589445
b3283,b3019,0.0390292237180057
b3030,b3019,0.0390292237180057
b3168,b3339,0.036843390589445
b0148,b2184,0.0372385995216239
b3424,b2568,0.0394775273281152
b4043,b3234,0.0364795471441631
b1711,b3339,0.036843390589445
b3469,b2184,0.0372385995216239
b2498,b3339,0.036843390589445
b3235,b3234,0.0364795471441631
b2812,b2812,0.0383493352846142
b2068,b3549,0.0390310609633677
b2495,b2495,0.0368856875274702
b3040,b3915,0.0396498327551522
b3915,b3915,0.0396498327551522
b0047,b2568,0.0394775273281152
b1813,b1813,0.0398464631008616
b2935,b1813,0.0398464631008616
b3708,b2812,0.0383493352846142
b1250,b3234,0.0364795471441631
b3935,b0962,0.0374569704831026
b3054,b3054,0.0390815175391812
b3510,b0055,0.0379539217108001
